J P Badminton Academy,13.0326302,77.5809622
GOLDEN SPORTZONE,13.0497122,77.7603346
Karnataka Badminton Association,12.989636,77.5968687
Sportive Badminton Academy(SBA),13.0355947,77.6653894
BBMP badminton court,12.9251645,77.5897463
Machaxi Badminton Centre,12.9530574,77.706086
Smaaash Badminton Arena,12.9729523,77.6778044
Serve & Smash Badminton,13.0458976,77.5729309
Ovalnet Badminton Academy,13.0600408,77.5821803
Eagles Badminton Arena,13.0275194,77.5536864
White peacock Badminton Academy,13.0316199,77.5949877
JP Badminton Academy,13.068591,77.5590176
Zeal Badminton & Sports Elite (R),13.0687623,77.5023534
Vector Badminton Centre,13.0162404,77.4866467
Silver Feathers Badminton Academy,13.0569649,77.5756685
Ballal's Badminton,13.0279321,77.5766082
A+ Badminton Academy - We have few open slots for regular members in morning batches. Contact Us Immediately,13.0016965,77.517212
Ovalnet Arena,13.0951525,77.5436671
Accolades Badminton & Sports Academy,13.0472789,77.5024498
Golden Racquets,13.0910565,77.5938898
Nandini Sneha Badminton Association (NSBA),13.0117272,77.5318691
Golden Sports Academy,13.0461382,77.5127134
White Peacock - Badminton Academy | Indoor Court Booking | Coaching Classes,13.0714961,77.5870656
V3 Badminton Academy,13.0634759,77.572829
Kranthiveera Sangolli Rayanna Indoor Badminton Academy,13.0898877,77.5891295
SHUTTLE MANIA BADMINTON CLUB,13.0637677,77.568966
Whitefield Sports Centre (Badminton),13.0086895,77.760981
Rajeshwari Badminton Club,13.0517027,77.7834688
FEATHER SHUTTLERS,13.0070208,77.7465611
Sportonix school of badminton,13.0262494,77.7732737
Rally Sports,13.0746875,77.7539375
CONQUEROR BADMINTON ACADEMY,13.0745168,77.7548054
"Fitso Whitefield Golden Fins, Multi-Sports",13.0054525,77.7489061
Strikers Sports and cycle,13.074537,77.786368
Feather Touch Sports Arena,12.896275,77.5854485
Machaxi Badminton Centre,12.9530574,77.706086
Eesha Badminton Academy,12.9175824,77.5849668
Banashankari Badminton Academy,12.9280706,77.5613606
Ace Badminton Arena,12.9446752,77.678709
Dazzling Smash Badminton Academy,12.9919245,77.6706644
Frontline badminton arena,12.9139089,77.578665
Flying Birdie Badminton Arena,12.9039951,77.6049187
Game Theory HSR Layout - Sportive Badminton Arena,12.9024699,77.6429251
BBMP badminton court,12.9251645,77.5897463
NR Colony Badminton Court,12.9377711,77.569593
Match Point Sports Arena,12.8919094,77.5364397
Arjuna Premier Badminton Academy,12.9375087,77.54769
Kudlu Badminton Centre,12.8868046,77.6577401
Krishna Premier Badminton Arena,12.9343384,77.6184846
Smaaash Badminton Arena,12.9729523,77.6778044
Hollyhock Badminton Academy,12.9643206,77.6371559
Badminton Park,12.8906216,77.5533446
Old Vivas Badminton Academy,12.9376868,77.6989167
Battledore Arena - Badminton Academy,13.0237525,77.6528472
J P Badminton Academy,13.0679128,77.6196826
Machaxi Maagniv Badminton Center,13.0238305,77.6728366
Eagles Badminton Arena,13.0275194,77.5536864
ARR Badminton Academy,13.0225936,77.6591959
Highline Sports Indoor Badminton Academy,13.0278128,77.6774167
Ovalnet Badminton Academy,13.0600408,77.5821803
JP Badminton Academy,13.068591,77.5590176
I-Sports Arena (formerly Smash sports arena),13.03816,77.652825
Footwork Sports Badminton Center,13.0538838,77.6199037
M S Badminton Arena,13.0278984,77.6118288
Golden Sports Academy,13.0461382,77.5127134
J P Badminton Academy,13.0326302,77.5809622
Serve & Smash Badminton,13.0458976,77.5729309
Prisha Badminton Academy,13.0293417,77.64699
White peacock Badminton Academy,13.0316199,77.5949877
Shuttlefit Badminton Academy by RTC,13.0266143,77.639596
SHUTTLE MANIA BADMINTON CLUB,13.0637677,77.568966
Pro Sports Arena Badminton Academy,13.0718353,77.6542464
Sportive Badminton Academy(SBA),13.0355947,77.6653894
Battledore Arena - Badminton Academy,13.0237525,77.6528472
J P Badminton Academy,13.0679128,77.6196826
Machaxi Maagniv Badminton Center,13.0238305,77.6728366
Eagles Badminton Arena,13.0275194,77.5536864
ARR Badminton Academy,13.0225936,77.6591959
Machaxi Cross Court Badminton Centre,13.004853,77.6668963
Ovalnet Badminton Academy,13.0600408,77.5821803
JP Badminton Academy,13.068591,77.5590176
Sree Rama Badminton Academy,13.0069987,77.6563105
Sporthood Ramamurthy Nagar,13.0048914,77.6665708
Footwork Sports Badminton Center,13.0538838,77.6199037
B.A.B BADMINTON COURTS,13.0086408,77.6774227
J P Badminton Academy,13.0326302,77.5809622
Serve & Smash Badminton,13.0458976,77.5729309
Prisha Badminton Academy,13.0293417,77.64699
Allwin Badminton Academy,12.9740825,77.505272
NAVATHARE BADMINTON ACADEMY,12.9355242,77.5798375
Frontline badminton arena,12.9139089,77.578665
Machaxi Sumukha Badminton Arena,12.940322,77.736498
NR Colony Badminton Court,12.9377711,77.569593
Eagles Badminton Arena,13.0275194,77.5536864
Feather Touch Sports Arena,12.896275,77.5854485
Eesha Badminton Academy,12.9175824,77.5849668
Harikrishna Badminton Zone,12.9411606,77.7273215
Ace Badminton Arena,12.9446752,77.678709
Machaxi Badminton Centre,12.9530574,77.706086
Machaxi - J Sports (Badminton),12.9980129,77.7227459
Sportive Badminton Academy(SBA),13.0355947,77.6653894
Machaxi Cross Court Badminton Centre,13.004853,77.6668963
Badminton Court,12.9683838,77.5927548
Krishna Premier Badminton Arena,12.9343384,77.6184846
PlayTM Prime Badminton Arena,12.9465171,77.7149188
Kudlu Badminton Centre,12.8868046,77.6577401
PlayTM Sports Arena,12.9472879,77.7158488
Flying Birdie Badminton Arena,12.9039951,77.6049187
Adena Sports,12.8913169,77.5953451
Sportive Badminton Academy(SBA),13.0355947,77.6653894
Baddyzone - Haralur,12.8988366,77.6549784
Machaxi Sumukha Badminton Arena,12.940322,77.736498
Battledore Arena - Badminton Academy,13.0237525,77.6528472
Machaxi - J Sports (Badminton),12.9980129,77.7227459
Machaxi Maagniv Badminton Center,13.0238305,77.6728366
Harikrishna Badminton Zone,12.9411606,77.7273215
Ace Badminton Arena,12.9446752,77.678709
Dazzling Smash Badminton Academy,12.9919245,77.6706644
ARR Badminton Academy,13.0225936,77.6591959
Machaxi Cross Court Badminton Centre,13.004853,77.6668963
Game Theory HSR Layout - Sportive Badminton Arena,12.9024699,77.6429251
Sree Rama Badminton Academy,13.0069987,77.6563105
Kudlu Badminton Centre,12.8868046,77.6577401
Sporthood Ramamurthy Nagar,13.0048914,77.6665708
Krishna Premier Badminton Arena,12.9343384,77.6184846
M S Badminton Arena,13.0278984,77.6118288
Smaaash Badminton Arena,12.9729523,77.6778044
White Birdie Badminton Academy,12.8925828,77.7186375
Flying Birdie Badminton Arena,12.9039951,77.6049187
Virinchi Badminton Arena,12.8615122,77.6009655
BallalsBadminton,12.8953045,77.5368551
NOVA SPORTS,12.9587089,77.5200685
Arjuna Badminton Club,12.9021286,77.4875567
M S Badminton Arena,13.0278984,77.6118288
FlyHigh Badminton Arena,12.8623287,77.5856185
Sportive Badminton Academy(SBA),13.0355947,77.6653894
Battledore Arena - Badminton Academy,13.0237525,77.6528472
Machaxi Badminton Centre,12.9530574,77.706086
Machaxi Sumukha Badminton Arena,12.940322,77.736498
Baddyzone - Haralur,12.8988366,77.6549784
Game Theory HSR Layout - Sportive Badminton Arena,12.9024699,77.6429251
Machaxi - J Sports (Badminton),12.9980129,77.7227459
Machaxi Maagniv Badminton Center,13.0238305,77.6728366
Lets Play Badminton Arena,13.0234167,77.6807676
IBLITZ SPORTS CLUB,12.9894183,77.7188844
White Birdie Badminton Academy,12.8925828,77.7186375
GOLDEN SPORTZONE,13.0497122,77.7603346
PlayTM Sports Arena,12.9472879,77.7158488
Ace Badminton Arena,12.9446752,77.678709
Prisha Badminton Academy,13.0293417,77.64699
Skyfinch Badminton centre K R Puram,13.019192,77.6925425
Highline Sports Indoor Badminton Academy,13.0278128,77.6774167
Sports Park - Badminton courts,12.9480482,77.6831992
PLAY ZONE BELLANDUR (ONE TOUCH BADMINTON ARENA) Entity of M/s Omkar Global Services(Proprietary),12.9288362,77.6718841
